100	water park;customer service;cotton candy;rustlers rooste;go back;very nice;first time;front desk;very good;check out;pretty good;arizona grand;prime rib;come back;lazy river;not sure;fry bread;next time;frys electronics;great place;
105	root beer;glass bottles;glass bottle;flavored milks;heavy cream;egg nog;arizona orange;fresh milk;just like;chocolate milk;comes from;local dairy;danzeisen dairy;farmers market;like milk;so good;real milk;milk taste;flavors like;dairy itself;
113	carne asada;drive thru;asada fries;mexican food;carne asada fries;breakfast burrito;pretty good;customer service;sour cream;breakfast burritos;rolled tacos;looks like;super nachos;feel like;just didnt;5 stars;drive through;fast food;ive read;gone up;
114	mexican food;south phoenix;dr yocham;pollo fundido;customer service;very good;first time;authentic mexican;ranch market;every time;can get;highly recommend;so good;take out;go back;authentic mexican food;feel like;so much;years ago;know what;
115	grilled chicken;whole chicken;rice beans;grilled over;pinto beans;beans tortillas;awesome sauce;side salad;rice beans tortillas;full chicken;doing low carb so;also pack;1490 yupon;carb so;authentic good people too;other sides;salsa all;into these;bright yellow;tiny bright;
116	customer service;mid k;not even;beauty supply;your manager;away from;new china;please cashier;supply stores;never really;use your;actually help;best customer;new library;cashier no;could not;mexican pastries;south mountain;much else;best customer service;
117	home depot;customer service;plant stand;arizona environmental;environmental progress;arizona environmental progress;christmas tree;sales pitch;water softener;soft water;your water;every year;no one;know what;sales tactics;great selection;your child;brand new;water from;cant wait;
118	morning glory;south mountain;glory cafe;morning glory cafe;picnic tables;great place;french toast;farm kitchen;outdoor seating;first time;mothers day;feel like;pecan trees;very good;walk around;go back;check out;come back;pecan grove;monte cristo;
119	egg roll;fried rice;egg drop;drop soup;china restaurant;egg drop soup;so much;good food;awakening seed;house chicken;cant beat;much sauce;lemon chicken;lunch specials;chicken wings;very good;death certificate;loved one;take home;these items;
120	arizona mills;customer service;food court;az mills;first time;go back;mills mall;outlet mall;come back;so much;too much;can get;ended up;fried rice;every time;great place;years ago;chinese food;know what;not sure;
13	golf course;tee time;club west;south mountain;can play;par 3;good shape;great course;pretty good;beautiful course;tee boxes;no one;17th hole;very good;away from;stay away from;course many;stay away;courses which;course layout;
132	from work;got home from work;belongings out;work finally;wasnt allowed;up accommodating;wasnt terrible;like 10 minutes;from work finally;wasnt pleasant;he needed;got done;little annoying;got home;got done what;customer service;got off;got home from;line forever;get done;
133	these guys;affordable german;german auto;affordable german auto;your car;these features;knows what;great job;air conditioning;features benefits;he knows;these features benefits;see how;anywhere else;harolds sons transmissions;so he;harolds sons;thanks guys;customer service;no one;
134	lyons roofing;pizza hut;order from;customer service;las glorias;shrimp cocktail;first time;not even;came out;bone yard;could not;2 ridges;every time;rude rude;roofing company;south phoenix;from them;project manager;10 minutes;he said;
135	fried rice;chicken wings;chinese food;so much;customer service;check engine;car wash;3 washes;ive only;engine light came;authentic chinese food;local deal;guy told;fast food;good job;give them;know what;then says;authentic chinese;go back;
136	fried rice;chinese food;chicken wings;marks luggage;travel pro;highly recommend;repair shop;egg rolls;luggage repair;brand new;pick up;new bag;fried chicken;your order;authorized repair;egg roll;customer service;these guys;no problem;great service;
137	true view;passport photos;highly recommend;very professional;customer service;came out;true view windows;view windows;make sure;passport photo;sliding glass;great job;mexican food;come out;very good;same day;recommend them;sweet tea;williams passport;mr williams;
138	waffle house;customer service;front desk;classic party;party rentals;classic party rentals;holiday inn;tuff shed;hash browns;highly recommend;coyote courier;top hatter;go back;very nice;free wifi;not only;away from;fire water;showed up;hilton garden inn;
139	customer service;dr plummer;good food;really good;dr evans;came out;industrial area;come out;very good;fast food;so much;highly recommend;going back;very friendly;pretty good;very nice;didnt want;first time;set up;pretzel bun;
140	front desk;spring training;customer service;pool area;very nice;rio salado;happy hour;away from;come back;go back;parking lot;hot tubs;very friendly;very good;ended up;breakfast buffet;check out;first time;built into;not sure;
146	grace walk;pastor joe;worship team;grace walk community;walk community;preach about;years ago;good morning;walk about;ms mary ann;mary ann;community church;get your;started attending;pastor fred;celebrate recovery;pastor joe calloway;grace walk about;joe calloway;so many;
147	0 stars;purchased two;ford f150s;purchased two bucket trucks;disclosed such;cool very bad;nicely detailed;from these;accelerator pedal;bad business;upon reconnection;two ford;nicely detailed can;knowingly sold;practicenot cool very bad;some who;then went;bidding engine sounded;bad needs;loud rattle broke down;
149	moving company;pick up;your move;them again;use them again;definitely use;2 days;cross country;your items;never use;use them;moving companies;move long;moved from;other moving;suggested trailer;definitely use them again;move date;abf upack;customer service;
15	legend cleaners;customer service;dry cleaning;dropped off;black sweater;so much;very friendly;hardware store;every time;dry cleaners;yellow top;shaved ice;phone call;same day;make sure;first time;day service;many times;know what;same day service;
150	great food;first time;industrial area;kays kafe;good food;well worth;great breakfast;breakfast place;hidden gem;really good;great place;breakfast burrito;tucked away;egg benedict;grilled cheese;french toast;hot delicious;pancakes great;chorizo omelet;natural habitat;
152	wheel lift;level roadway;could not;tow truck;pick up;roadside assistance;by them;oil pan;slanted surface;industrial towing;correctly he asked;phone call theres no reason;turned sideways without;others out;denied having any;vehicle correctly;truck company;very begining;your vehicle;tried again;
153	waste management;customer service;pick up;per month;not cancel;could not;corporate america;night before;days prior;not recommend;trash bin;could not cancel;blinds n;not recommend them;good lol;almost double;onion rings;not use;recycle bin;use waste;
154	mexican food;comedor guadalajara;best mexican;authentic mexican;mexican restaurant;best mexican food;carne asada;very good;parking lot;so good;really good;authentic mexican food;shredded beef;good mexican;cheese enchilada;green chile;cheese crisp;go back;mexican restaurants;great food;
155	mexican food;best mexican;best mexican food;very good;best tortillas;green chile;authentic mexican;good food;pick up;flour tortillas;ive ever;homemade tortillas;authentic mexican food;make sure;shredded beef;mexican restaurant;go back;green chili;take home;red chile;
156	customer service;rental car;car rental;rent from;sky harbor;pick up;from hertz;credit card;ended up;gold member;hertz again;no one;never rent;your car;30 minutes;rent from hertz;hertz location;from budget;phoenix airport;car from;
157	best western;customer service;front desk;alaska airlines;rodehouse restaurant;alaska air;flight from;5 stars;happy hour;not worth;wake up;water softener;tucked away;rental car;drive back;nice hotel;terminal 2;fly alaska;very comfortable;shout out;
158	united van;s m;van lines;united van lines;customer service;washer dryer;very professional;use them again;storage unit;by far;use them;m moving;them again;brand new;these people;went over;moved from;into storage;storage area;s m moving;
159	yellow cab;customer service;front desk;credit card;cab company;sky harbor;ended up;pick up;pretty good;phoenix airport;15 minutes;give them;these guys;no one;paradise bakery;highly recommend;he said;home from;like new;showed up;
16	30 days;desert foothills;foothills united;foothills united methodist church;move out bill;out bill;united methodist church;move out;any issues;desert foothills united methodist;extra day;methodist church;moved out;no issues;united methodist;desert foothills united;really enjoys;foothills united methodist;desert foothills united methodist church;from them;
160	customer service;springhill suites;very friendly;these guys;front desk;sky harbor;very nice;fast food;make sure;new owners;free wifi;very good;la quinta;seasoned fries;really good;first time;ended up;5 minutes;very helpful;highly recommend;
161	drop off;hv done;wasnt so important;drop off pretty close;te item;incorrectly also;counter greeted;8 months;fax 13;2 roaming;little interaction toward;least 8;kinda scattered;really sticks out;too friendly;wasnt so;line just kinda;turns out;really sticks;save your money ppl buy;
162	other reviews;clue should;other places;great food;de camaron;authentic mexican;best ive;mexican food;very friendly;couple times;shredded beef hard shell hand;normal one;not cut;he told;felt totally;pretty good;fresh huge;go back give;area looks;very tasty fresh plus;
163	long branch;early afternoon lot;great old school;bloody marys ive;pool tables;hometown bar since;great old school music;ive ever tasted;marys ive;best bloody marys ive;great cant wait;great place pool tables music;bar natasha makes;favorite place;place pool;tables music great service;bloody marys ive ever;early afternoon;old school music;soon long;
164	cash only;mexican food;customer service;onion rings;chicken tenders;deep fried;carne asada;fast food;petes fish;great food;mini tacos;petes sauce;fish n;frozen fish;pretty much;only reason;try them;go back;long john;good mexican;
165	home depot;from home depot;from home;customer service;inches wide;give them;new dishwasher;not install;zero stars;call 30;new washer;30 minutes;any questions;ge delivery;appliance from;new unit;old dishwasher;day before;depot again;two days;
166	sysco house;bad apples;life due;harassment from management;sysco house should get;question your judgement spy;question your judgement;who help grow;22 years;no calls no;transportation management;help grow;always believed;across good luck;company bs;luck good;see what;sales associate;brutal customer;across good luck good;
167	all city;wait time;city towing;all city towing;running late;didnt even;apartment complex;not submit;call center staff;pretow photo;thanks all city towing personnal;experience can make;towing personnal dee;holding up;over double what;operator called;too much;late fine just call;break your;stay far away;
168	shade n;shade n net;n net;walk away;truck driver;driver training;amazing shade;truck driver training;youll walk;youll walk away;cannot imagine any company;walk away not only;great priced;away not;best instructor ive ever;program everything;anywhere else;company being more;great prices;guy so thanks;
169	go back;urgent care;charge extra;within 15;industrial area;new bowl;xray tech;samurai sams;within 15 minutes;15 minutes;front desk;people who;person who;fill out;brown ricefor;time weve;always made;front desk person who based;charge extra kudos;could see;
17	two years;so much;eve service;casting company;get connected;mountain park;satin finish;trust others;ring from;really made;tough changing;sermons so;christmas eve service;now attend arizona community church;only member who;process often;he incredibly defensive;concert some people may;any reason;bring perspective;
170	carne asada;ralphs snack;tennis balls;food truck;pretty good;pico de gallo;pico de;penn tennis balls;carne asada burrito;ralphs snack bar;carne asada tacos;snack bar;penn tennis;de gallo;asada burrito;asada tacos;come out;sour cream;truck comes;started off;
171	carne asada;mexican food;al pastor;customer service;best tacos;tacos de;tacos al;tacos al pastor;not sure;carne asada burrito;asada burrito;great food;go back;always get;5 stars;bring cash;pastor tacos;los tacos;very authentic;food great;
172	customer service;make sure;penny pincher;van buren;elderly man;old man;not bad;auto parts;lawn mower;trip charge;ive never;can get;power washer;pretty good;burger fries;mexican food;so much;cash only;petes fish;phoenix trailer;
173	customer service;mexican food;great place;la canasta;salsa bar;go back;sour cream;very good;so good;pretty good;came out;several times;tortilla chips;check out;diner 50;can get;breakfast burrito;first time;breakfast burritos;flour tortilla;
174	fried chicken;downtown phoenix;big unit;first time;go back;very good;really good;customer service;sweet tea;hot dog;come back;pretty good;soul food;sports bar;ive ever;convention center;hard rock;came out;lo los;great place;
175	science center;mexican food;so much;la tolteca;go back;very good;arizona science;great place;arizona science center;arizona center;pretty good;happy hour;next time;first time;really good;sweet potato;customer service;so many;white chocolate;pizzeria bianco;
176	carne asada;customer service;mexican food;bus station;pool service;make sure;swimming pool service;swimming pool;first time;highly recommend;very good;authentic mexican;pick up;next bus;greyhound again;no one;ive ever;he said;5 stars;greyhound station;
177	light rail;tartar sauce;customer service;pick up;not too;very good;fried okra;stay away;really good;didnt even;first time;pretty good;smoking room;rental car;front desk;car from;another company;hush puppies;onion rings;car rental;
178	sky harbor;free wifi;terminal 4;rental car;food options;through security;us airways;terminal 2;baggage claim;phoenix sky;phoenix sky harbor;customer service;go through;your flight;other airports;connecting flight;security lines;get through;phoenix airport;car rental;
179	us airways;customer service;us air;flight attendants;sky harbor;fly us;connecting flight;fly us airways;first class;flight attendant;airport parking;flight from;never fly;no one;2 hours;american airlines;parking lot;from phoenix;ended up;told us;
18	dr pratt;taco bell;highly recommend;data doctors;stockton dermatology;make sure;drive thru;very friendly;not only;definitely recommend;no one;front desk;hard drive;years ago;follow up;never go;mountainside family;dr mayer;dr b;office staff;
180	pulled pork;prime rib;honey bears;bbq sauce;potato salad;very good;pork sandwich;pulled pork sandwich;really good;mashed potatoes;corn bread;pretty good;first time;next time;go back;pecan pie;beef brisket;came out;come back;happy hour;
181	moved out;no one;three years;office staff;gym equipment;not move;hot tubs;security deposit;told us;crystal springs;your apartment;management team;half eaten cheeseburger;big deal;maintenance takes;years ago;management companies;your security deposit;down hill;several times;
182	dr hartsook;dr h;felt like;office manager;service dog;right right;dr b;west valley;office staff;any other;dr cunningham;pick up;go out;always friendly;last time;right right right;cares about;west valley pediatrics;great care;valley pediatrics;
183	ice cream;customer service;earnhardt hyundai;highly recommend;test drive;not only;new car;santa fe;cold stone;waffle cone;very friendly;exactly what;from earnhardt;sales person;bed bath;next day;car buying;no pressure;no one;felt like;
184	these apartments;about how;away from;very helpful;next day;worried about how;one bedroom;rent prices;over 48;only took;little over 48 hours;48 hours;gave us;worried about how long;about how long;how long;little over 48;service advisor;late night;service advisor chip;
185	waffle house;garage door;front desk;bed bugs;sams club;k b;first time;extremely rude;hash browns;customer service;worst place;parking lot;call k;showed up;great service;didnt even;kids run;continental breakfast;worst hotel;not always;
186	texas roadhouse;very good;first time;home depot;customer service;well done;cinnamon butter;came out;last night;came back;go back;medium rare;taco bell;great food;make sure;every time;pretty good;second time;prime rib;come back;
187	big rig;ten minutes;minutes before;rig burger;ventana palms;flying j;20 minutes;big rig burger;way over;just spent;worth driving;amazing things;dropped trailers;so much;5 minutes;minutes more;drive thru;15 minutes;ten minutes before;chrome shop;
188	waffle house;customer service;hash browns;truck wash;blue beacon;can eat;papa johns;waffle houses;years ago;very nice;good food;all over;clayton glass;came out;pretty good;early afternoon;beacon truck;pecan waffle;give them;late night;
189	customer service;front desk;all over;fried rice;no one;fast food;chinese food;next day;ive ever;mexican food;waffle house;drive thru;funeral home;ended up;non smoking;all night;carls jr;next time;smelled like;motel 6;
19	customer service;highly recommend;first time;go back;very good;waffle house;indian food;very friendly;come back;pad thai;very nice;happy hour;so much;thai basil;next time;pick up;office staff;thai food;chicken tikka;tikka masala;
190	smart final;dr bingham;garden party;so now;pick up;work done;crew member;find out;another dentist;dental work;drive through;whole time;permanent crowns;big rigs;pan pizza;great price;honey siracha;no one;told us;check off;
191	mexican food;very good;carne asada;go back;come back;too much;fried ice cream;fried ice;happy hour;ice cream;really good;first time;bacon wrapped;great mexican;parking lot;shredded beef;mexican restaurant;best mexican food;chili colorado;table side;
192	auto glass;customer service;highly recommend;daves metro;metro auto;daves metro auto;daves metro auto glass;beaver stripes;metro auto glass;street from;highly recommended;years ago;check engine;set up;greenwood memory;chair ties;last minute;friends thank;looks like;brake lights;
193	dive bar;carne asada;bikini lounge;trunk space;pool table;can get;dive bars;cash only;salsa bar;mexican food;juke box;cheap drinks;asadero toro;downtown phoenix;cheap beer;state fair;parking lot;great place;make sure;first time;
194	art museum;go back;phoenix art;first time;phoenix art museum;car wash;very good;happy hour;so much;blue fin;spaghetti factory;customer service;feel like;light rail;come back;los olivos;pretty good;very nice;next time;not sure;
195	welcome diner;mexican food;green chili;enchilada style;fried chicken;so good;green chile;go back;big jim;first time;come back;very good;great food;downtown phoenix;peanut butter;so much;really good;ive ever;customer service;every time;
196	ranch market;mexican food;very good;mexican seafood;carne asada;fish tacos;playa hermosa;go back;first time;so good;can get;highly recommend;parking lot;next time;mariscos playa hermosa;mariscos playa;green sauce;great place;ive ever;gourmet house;
197	mexican food;red devil;rositas place;very good;pep boys;go back;really good;first time;carne asada;come back;mexican restaurant;ive ever;enchilada style;pretty good;so much;refried beans;came out;best mexican;parking lot;customer service;
198	car wash;bad seat;celebrity theater;parking lot;great place;celebrity theatre;every seat;carne asada;make sure;great job;all over;go back;could see;can see;5 stars;box office;away from;not sure;year old;get up;
199	chinese food;cultural center;water boiled;chinese cultural;szechwan palace;fried rice;front desk;chinese cultural center;chinese menu;very good;ranch market;authentic chinese;first time;chinese restaurant;go back;really good;very friendly;boiled fish;pretty good;very nice;
20	cracker barrel;front desk;customer service;reliable glass;dr ito;la fitness;first time;very friendly;very good;highly recommend;great service;cheese steak;go back;fast food;feel like;came out;not too;so much;very nice;make sure;
200	indian food;lunch buffet;chicken tikka;tikka masala;first time;delhi palace;garlic naan;chicken tikka masala;tandoori chicken;chicken curry;indian delhi;indian delhi palace;palak paneer;make sure;courtney village;basmati rice;every time;papago park;indian restaurants;your car;
204	customer service;great job;didnt even;could not;two days;shredded sausage;go back;tasted like;hung up;not going;whole time;old man;food city;taken off;first time;could not believe what;favorite pizza;another doctor;make your;hair salon;
205	egg rolls;chinese food;fried rice;since october;egg roll;star wok;so far;5 stars;so many;ive ever;order from;chicken fried;general tso;tso chicken;pest control;ceiling fan;chicken fried rice;tow company;first time;general tso chicken;
206	customer service;olive garden;happy hour;no one;came out;la fitness;come back;red lobster;go back;desert sky;20 minutes;very good;15 minutes;pick up;front desk;first time;people who;coming back;didnt even;make sure;
207	fried rice;chinese food;orange chicken;customer service;mongolian beef;egg drop;drop soup;egg rolls;sesame chicken;good food;egg drop soup;egg roll;happy food;house fried;good china;ive ever;best chinese;house fried rice;great food;lo mein;
208	separate orders;two separate orders;two separate;mc donalds;speak english;fast food;should not;does not;good food;no matter;customer service;lunch special;lunch specials;hot cakes;away from;16th st location;go back;by far;very long;low cost;
209	rainbow donuts;best donuts;these donuts;thai tea;dunkin donuts;very good;dozen donuts;ice cream;wait time;single donut;iced coffee;temp off;small shop;honeydew boba;central phoenix;stop by;tasted like;went back;so good;donut shop;
210	ice cream;spring rolls;cream sandwiches;ice cream sandwiches;best pho;macaron ice;43rd express;macaron ice cream;first time;egg rolls;fried rice;cream sandwich;ice cream sandwich;vietnamese food;macaroon ice cream;macaron ice cream sandwiches;macaroon ice;really good;family owned;go back;
211	highly recommend;st marys;customer service;garage door;food bank;garage doors;glass company;these guys;m glass;use them;m m glass;m m;not only;recommend them;right away;m glass company;m m glass company;very professional;lodi garage doors;pastrami burrito;
212	ocean floor;customer service;warranty company;strip club;home warranty;front desk;come out;come back;set up;la quinta;very nice;ended up;use them;not only;not sure;no one;go back;feel like;fish store;strip clubs;
213	hamburger works;spring rolls;mexican food;super sicilian;very good;onion rings;original hamburger;really good;original hamburger works;condiment bar;first time;go back;la piata;la pinata;salad bar;pretty good;so much;your own;great food;your burger;
214	mi patio;pad thai;go back;mexican food;very good;wild thaiger;customer service;thai food;first time;so much;really good;come back;pretty good;very friendly;every time;good egg;honey bears;came out;very nice;so good;
215	ice cream;china chili;chinese food;orange chicken;soda fountain;potato salad;go back;very good;coronado cafe;crab cakes;first time;virginia auto;fried rice;chinese restaurant;pretty good;so much;feel like;customer service;really good;best chinese;
216	mexican food;desert song;customer service;very friendly;bavarian motors;authentic mexican;highly recommend;mexican restaurant;go back;carne asada;best mexican;authentic mexican food;so much;years ago;these guys;1 star;favorite mexican;great food;every time;family owned;
217	sun valley;very good;go back;long wongs;these guys;highly recommend;barbs bakery;customer service;valley stereo;sun valley stereo;first time;come back;ive ever;old school;came out;ended up;pretty good;great food;make sure;red velvet;
218	customer service;home depot;oil change;don jose;mexican food;so much;macaroni salad;go back;pick up;come back;these guys;very good;discount tire;years ago;great service;know what;parking lot;very friendly;dive bar;first time;
219	customer service;go back;fast food;so much;very nice;every time;give them;parking lot;know what;first time;no one;very friendly;can get;pick up;ended up;make sure;drive thru;ive ever;10 minutes;5 stars;
220	animal hospital;ingleside animal hospital;ingleside animal;dr bart;could not;mexican food;your pet;dr serbin;next day;office manager;carne asada;customer service;blood work;does not;other vets;dr chiles;so much;recommend them;ended up;very friendly;
221	driving range;pro shop;putting green;golf center;double decker;valley golf center;valley golf;decker range;double decker range;hit some;go out;your swing;double decker range which;friendly staff;real grass;hit off;range which;decker range which;track tee;some balls;
222	fried rice;chinese food;ice cream;customer service;very good;orange chicken;very friendly;egg roll;lo mein;egg rolls;crab puffs;so much;go back;oil change;fast food;not sure;first time;drive thru;lunch specials;sesame chicken;
223	sonic employee;dr oland;feel like;dr ho;front office;estrella womens;dr colwell;your appointment;ive ever;estrella womens health;golf carts;somewhere else;womens health center;womens health;health center;estrella womens health center;office staff;second time;front desk;45 minutes;
224	single time;hot mess;every single;every single time;hash brown;drive thru;drive through service;exaggerating every single;old tv;prices gone;tv set;towels no;ok not;no paper towels no napkins;fast food right cant expect;order wrong;cold fries;forever cold fries filthy restrooms;food right cant expect;boyfriend wanted;
225	pizza patron;why offer;cheap drinks;oil changed;medical doctor;theres nothing;like your;saturday night;gift card;very nice;never applied;like how;pizzapossible imitation cheese;hearty flavorful hot wings;degree night;same old;pretty good;pizza from pizza patron;chorizotopped pizza;place tries;
226	fried rice;chinese food;customer service;good food;egg drop;can eat;drop soup;egg drop soup;genie gs;take out;egg rolls;pretty good;hash browns;great food;very friendly;eat pancakes;sour soup;so much;no windows;can eat pancakes;
227	parking lot;customer service;oil change;dr houser;asian market;lams seafood;lee lee;seafood market;coming back;can get;humane society;end up;fresh fish;somewhere else;first time;pizza hut;no one;dr salmon;lams seafood market;follow up;
228	take out;sesame chicken;fried chicken;fried rice;lo mein;chinese food;orange chicken;very good;egg rolls;behind us;great food;onion rings;may garden;felt like;very nice;old maryvale;group ahead;coming back;customer service;go back;
229	salad bar;really good;malibu chicken;go back;first time;teriyaki chicken;customer service;katsu chicken;rainbow donuts;no one;so much;sweet tomatoes;tokyo express;warner ranch;best pizza;come back;going back;know what;always fresh;11 year old;
230	pan dulce;mexican food;ice cream;5 stars;long wongs;clearance center;by far;definitely worth;first time;pretty good;torta paquime;aguas frescas;looks like;know what;drive thru;some really;ribeye tacos;so far;so many;so good;
231	customer service;indoor soccer;no one;730am 500pm;drive through;single guys;first time;swingers club;parking lot;excited about;use them;hot tub;he said;actual club;sun valley;great selection;heterosexual club;dance floor;jacking off;all just;
232	shooters world;ladies night;customer service;first time;shooting range;ladies day;gun club;very nice;very good;range fees;maps maps;maps maps maps;highly recommend;great place;range time;friday night;good selection;indoor range;know what;maps maps maps maps;
233	da vang;spring rolls;crazy jims;vietnamese food;bbq pork;pita bread;salad bar;go back;pho thanh;first time;very good;egg rolls;so good;customer service;best pho;banh mi;really good;prime rib;great food;pretty good;
234	fry bread;alta vista;customer service;mexican food;go back;very good;first time;fry bread house;bread house;select auto;so much;pretty good;auto body;select auto body;dance floor;very friendly;really good;slippery pig;great place;green chili;
235	rhythm room;customer service;great place;go back;so much;highly recommend;every time;parking lot;sports bar;great service;years ago;central towing;check out;ended up;very friendly;pretty good;feel like;he said;good time;last night;
236	car wash;italian beef;des tartes;coup des;coup des tartes;customer service;very good;go back;indian food;oil change;greek fries;first time;know what;your car;lamb shank;lunch buffet;dr day;every time;really good;urban hair;
237	customer service;very good;first time;car wash;chinese food;go back;italian food;highly recommend;come back;so much;very friendly;food network;make sure;very nice;garlic bread;every time;came out;not sure;right away;going back;
238	go back;customer service;first time;chinese food;desert jade;pad thai;thai lahna;highly recommend;loving hut;thai food;very good;next time;so much;very friendly;chicago hamburger;ive ever;come back;pretty good;great food;feel like;
239	great place;happy hour;la grande;grande orange;go back;la grande orange;goat cheese;very good;so much;dr bracken;customer service;wine selection;great food;really good;first time;english muffins;every time;can get;smoked salmon;go wrong;
240	t cooks;royal palms;very good;feel like;happy hour;very nice;highly recommend;first time;ive ever;top notch;dive bar;customer service;go back;great place;royal palms resort;not sure;palms resort;so much;next time;front desk;
244	dr haggard;customer service;ups store;next time;dr justin;very friendly;he also;highly recommend;del taco;his office;not all;looks like;also very;every single;fast food;another associate;24 hour walmart;24 hour;coming back;only reason;
245	customer service;le hair;look like;highly recommend;go back;so friendly;picked up;ended up;hair done;any other;other customers;good job;grocery stores;drive thru;one inch;guy tang;other grocery;love love;so glad;really good;
246	pumpkin patch;per person;train ride;corn maze;handicap parking;tolmachoff farms;your time;grocery store;waste your;parking lot;handicap parking spaces;year old;great time;brandywine tomatoes;make sure;taking up;waste your time;every year;farm animals;parking spaces;
247	network alignment;told them;order from;20 minutes;these guys;no charge;he said;lo mein;told us;network alignment brakes;brake system;so happy;customer service;feel like;number 1;alignment brakes;2 hours;first time;1 chinese;too many;
248	customer service;jim brown;long wongs;brown sons;jim brown sons;anywhere else;drive thru;artist took;dr grant;roofing company;came over;year warranty;came out;make sure;run down;went through;said no;no peter;his wife;several things;
249	pet door;hale pet;customer service;hale pet door;years ago;big tin;big tin shed;tin shed;door through;sliding glass;so many;dog door;door installed;picked up;from them;two weeks;sliding glass door;weeks later;glass door;doggie door;
250	home depot;customer service;pizza mia;really good;very good;pretty good;came out;pizza joint;kitchen cabinets;table top;go back;one topping;panda express;counter tops;full price;very helpful;only thing;fast food;business cards;arizona campers;
251	dim sum;great wall;chinese food;very good;came out;chicken feet;come back;go back;customer service;best dim sum;best dim;first time;shu mai;pretty good;bbq pork;really good;chinese restaurant;fried rice;good food;back again;
252	customer service;capitol collision;these guys;highly recommend;great service;know what;discount tire;by far;first time;years ago;he said;great experience;your car;not only;oil change;ice cream;auto shop;quality inn;long time;could not;
253	thai rama;thai food;pad thai;customer service;fried rice;mexican food;go back;light rail;not sure;very good;can get;very friendly;yellow curry;parking lot;pretty good;ive ever;ended up;every time;no one;first time;
254	ice cream;first time;customer service;go back;come back;every time;feel like;highly recommend;very friendly;very nice;make sure;so much;not only;very good;years ago;so many;ended up;know what;next time;not sure;
255	customer service;very good;go back;cherry blossom;first time;pretty good;really good;happy hour;great place;very friendly;pizza heaven;next time;come back;central phoenix;great service;every time;good food;so much;so good;thin crust;
256	chicken fried;fried steak;chicken fried steak;customer service;happy hour;go back;very good;first time;trader joes;mashed potatoes;really good;great service;great place;every time;pretty good;come back;so much;very friendly;next time;feel like;
257	customer service;capital grille;happy hour;cheesecake factory;go back;very good;apple store;first time;great place;very nice;great service;highly recommend;came out;every time;come back;french dip;so much;pretty good;really good;feel like;
258	happy hour;hava java;zen 32;very good;very nice;dr meger;highly recommend;go back;hermosa inn;customer service;wine list;great place;outdoor seating;last night;24 hour;ive ever;first time;not sure;so much;hour fitness;
259	havana cafe;very good;cuban food;go back;ice cream;feel like;black bean;every time;black beans;come back;great place;restaurant week;market bistro;sweet potato;very friendly;first time;happy hour;great service;highly recommend;great food;
264	free parking;hockey game;jobingcom arena;bad seat;very nice;great place;coyotes game;hot dogs;concession stands;first time;very clean;great view;san jose;great venue;hockey games;us airways;arena itself;great time;no matter;choose from;
265	ice cream;nail techs;drive thru;drive through;egg white;rewards card;san diego;us about;first lane;hot stone;cash only;fast food;no fries;hot stones;5 minutes;then asked;your rewards;your rewards card;all over;stone massage;
267	carne asada;mama lupitas;strip mall;mexican food;very good;check out;corn tortillas;first time;parking lot;home cooking;customer service;highly recommend;go back;great service;can get;pretty good;juggling act;5 times;your lunch;very tasty;
268	la perla;hot dog;hot dogs;very good;italian beef;mexican food;customer service;high tea;polish food;downtown glendale;highly recommend;very friendly;first time;come back;go back;cash only;came out;make sure;going back;red sauce;
269	mexican food;mini muffins;very good;really good;shredded beef;eggs benedict;customer service;first time;good food;go back;sanderson ford;great place;green chili;come back;great food;years ago;great service;pretty good;good service;so much;
270	carne asada;chinese food;fried rice;pan dulce;crab puffs;so much;cash only;orange chicken;customer service;very good;happy hour;drive thru;sports bar;taco bell;mexican bakery;really good;first time;going back;your order;great food;
271	greek food;golden greek;fast eddies;greek salad;very good;go back;customer service;family owned;best greek;come back;pita bread;feta cheese;very friendly;every time;strip mall;best greek food;first time;greek restaurant;last night;tasted like;
272	customer service;mexican burger;lennys burger;drive through;fast food;check out;hot dog;great service;burger joint;onion rings;rv park;go back;cowboy burger;your order;long time;really good;burger battle;good burger;french fries;new building;
273	original wineburger;came out;he said;cleaned up;customer service;go back;first time;harris sons;highly recommend;make sure;ive ever;recommend them;onion scoops;beer battered;15 minutes;stump grinding;next week;use them;showed up;next day;
274	open wide;open wide dental;wide dental;dr durisek;massage chairs;dr goodwin;dental office;dental work;not only;years ago;great job;feel like;dental care;hate going;without any;highly recommend;his staff;make sure;previous dentist;called them;
275	customer service;thin crust;very good;first time;pei wei;these guys;very nice;best pizza;animal hospital;highly recommend;really good;so good;know what;go back;dr clark;east maryland;mexican food;feel like;make sure;could not;
276	happy hour;very good;customer service;go back;small plates;first time;feel like;highly recommend;runners den;bacon wrapped;not too;come back;can eat;salon surreal;ended up;so much;can get;going back;great place;great service;
277	happy hour;italian restaurant;too much;very good;live music;go back;great food;best western;last night;make sure;dining room;no one;highly recommend;italian food;ended up;very friendly;short ribs;owner greg;way too much;5 minutes;
278	dr clinton;salon 3121;squaw peak;living social;dr ferrera;go back;your pet;dr agnew;front desk;social deal;living social deal;spa day;palate repair;care about;let alone;peak animal hospital;shellac manicure;blood work;peak animal;your dog;
279	advanced curriculum;church school;christ church;christ church school;preschool program;encourages students;two children;feel like;summer camp;by example;size great technology advanced;werent sure what;each subject;class size great technology;son just;2s class;so many new families;spirituality technology;haystack kind;family group usualy;
280	camelback inn;very nice;camelback mountain;jw marriott;front desk;r bar;pool area;customer service;live music;go back;top notch;feel like;highly recommend;room service;very good;great place;spa pool;happy hour;mummy mountain;jackrabbit pool;
282	peoria pines;golf course;18 holes;pretty good;good time;pro shop;tee boxes;not so;so good;not so good;good things;really take;golf experience;place staff;good shape;never seen;hole 1;good condition;about 3 hours;rating peoria pines;
284	customer service;great job;go back;first time;check out;can only;ann taylor;very friendly;not sure;didnt work;nail salon;fried rice;ended up;pretty good;good about;little more;off coupon;looked like;always done;also love;
285	front yard;so now;25 tons;ive got all;great so now;minutes 930am;all oh;didnt want;mulch messing;email phone;pile covering;looking delivery;front yard landscaping wouldnt;rock right where;professionals couldnt;having vehicle trouble;yard great so now;fill dirt;affordable too driver dumped;still arent;
286	mast air;new unit;came out;home warranty;ac unit;no one;next day;come out;went out;last week;master bedroom;warranty company;great price;second time;great company;home warranty company;cared about;from mast;make sure;swamp cooler;
287	performance marine;prior owner;not sure;rip off;two months;outer tie;by aaa;old owner;complete rebuild;10 years;highly recommend;asked how;love love;ball joints;years now;even more;knows what;owner told;how much;torque converter;
288	french toast;not sure;felt like;good food;friendly service;he said;18 months;great breakfast;goes out;enough 2;breakfast spot;fried steak;gas station;1 star;hash browns;said he;go back;2 b;come back;all day;
289	credit union;customer service;arizona federal;very friendly;all three;arizona federal credit;very nice;so much;federal credit union;federal credit;3 days;arizona federal credit union;monthly fee;went out;great experience;credit score;one time;these guys;eggplant parm;body creations;
29	rip off;only came out 10;jack table;today based;machines sold out;not helpful;bingo lies;mistake so;game all machines sold out;said oops computer mistake so;machines sold;fast food;1000 third;special 3000 first win;said oops computer mistake;special 3000;smelled so rancid;10 ahead;played normally;said oops computer;
290	deep dish;palm glen;deep dish pizza;dish pizza;thin crust;chicago style;style pizza;chinese food;dr mangone;chicago style pizza;pretty good;fried rice;really good;animal hospital;hong kong;very good;chow fun;king wah;very nice;glen animal;
291	turkish coffee;bosnian food;very good;dr rao;sausage sandwich;very friendly;customer service;first time;go back;bosnian sausage;make sure;caffe sarajevo;spinach pita;good food;chuck e;sour cream;chicken sandwich;cabbage rolls;ice cream;feel like;
292	highly recommend;mexican food;vca northern;los compadres;customer service;auto pros;front desk;greek salad;few times;very nice;know what;so much;oil change;dr martin;make sure;humane society;every time;parking lot;not very;pest control;
293	mexican food;bean dip;las glorias;very good;customer service;really good;fish tacos;99 cent;light rail;good food;99 cent margaritas;cent margaritas;papa johns;dr battersby;pretty good;no one;go back;great service;very nice;coming back;
294	14yrs old;great care;comes right;humane society last year;virginias nononsense;them all;without hesitation;virginia kennaway;veterinary services;business again without hesitation prices;refer all;didnt see either;eye issue;just virginia great care;rottie lived till;couch while;dragged out;put them all;comes up;just now;
295	mexican food;el bravo;very good;customer service;carlos obriens;chinese food;really good;first time;shredded beef;super dragon;mexican restaurant;go back;pretty good;ive ever;very friendly;pollo fundido;garage door;good food;not sure;fried rice;
296	aunt chiladas;very good;happy hour;mexican food;tutti santi;tortilla chips;go back;flour tortilla;italian food;flour tortilla chips;squaw peak;flour chips;come back;pretty good;sports bar;chocolate fountain;ive ever;highly recommend;garlic bread;good food;
300	dining room;very good;crab cakes;very nice;came out;sand dabs;minutes later;happy hour;medium rare;came back;customer service;no one;go back;onion soup;not like;bar tab;french onion soup;great food;side dishes;not sure;
301	lopez landscaping;very professional;front yard;drip system;landscaping job;these guys;his team;great landscaping;3 days;golf course;lopez landscape;weeks like other;installed he planned;best choice;budget operation these guys;synthetic turf 2;phone calls;most times even;hose once;keep materials stored;
302	signs threes;fine during;crowd means nothing;district office crap attitude;beverage which;any slower maybe;drive 10 minutes away;10 minutes away;rather drive 10 minutes;never fully stocked;safeway does;beverage which he sipped while;today 11615;office crap;does not price match;safeway does not;office crap attitude;very unfortunate;day ever;walked out without purchasing;
303	your pet;no cart;your pets;time playing greens;horribly pro;other specials regularly mature;clean super;future puppy;specials regularly;taking your;future puppy looks;18 holes;course come into;clean super friendly all around;very clean super;best value;no cart girls;4 hours;no cart girl;off very accommodating;
304	customer service;coffee shop;every time;dr montana;great place;he said;very nice;highly recommend;last time;ive never;fast food;ended up;he didnt;very friendly;all three;no one;front desk;gluten free;he asked;horrible customer;
305	two lanes;crab puffs;bowling alley;customer service;tsos chicken;told us;general tsos chicken;he could;next day;came back;come out;general tsos;lettuce wraps;egg rolls;air conditioning;bowling ball;new unit;he said;very friendly;cool air;
306	25 years;good honest;great price;get good honest;say enough good things;enough good;importantly honest service;auto work done;quick friendly knowledgable fairand most;done quick;good honest work;good things;years ago;work done quick;still make;work done quick friendly knowledgable;pricing great job;25 years ago;theyre under;your auto work done;
307	fish fry;can eat;dive bar;great food;very good;q bar;ive ever;good food;fried fish;every time;very friendly;can eat fish;cocktail sauce;customer service;eat fish;cant wait;go back;last visit;told us;tartar sauce;
308	dr wyatt;community college;any other;ive found;so many;breakfast jack;student union;dental work;pretty good;while being;fitness classes;give them;box location;more serious;last visit;so glad;so far;his staff;1 star;many opportunities;
309	teriyaki chicken;chinese food;green chili;japan express;very good;spicy teriyaki;very nice;fried rice;really good;first time;chicken teriyaki;go back;very friendly;customer service;great food;brown rice;best teriyaki;good food;egg roll;coming back;
310	thai food;pad thai;best thai;real estate;siamese kitchen;papaya salad;very good;can get;thai place;best thai food;good food;thai restaurant;bar next;yellow curry;by far;first time;ice cream;coin gallery;tom yum;strip mall;
311	very good;first time;customer service;mi pueblo;mexican food;great place;make sure;italian deli;go back;highly recommend;pretty good;italian sausage;salsa bar;really good;italian stallion;so much;new york;deli counter;come back;very friendly;
312	go back;mini golf;customer service;front desk;very friendly;very nice;first time;very good;sour cream;pretty good;so much;come back;5 stars;great service;really good;sweet tomatoes;parking lot;great food;came out;roller coaster;
313	chas roberts;can eat;customer service;sushi q;ac unit;came out;very good;go back;happy hour;come out;eat sushi;can eat sushi;not only;strip mall;does not;10 minutes;very nice;fast food;went out;spicy tuna;
314	coffee shop;lee collins;very good;eye opener;go back;galloping groomer;first time;very friendly;home warranty;customer service;waiting room;could not;know what;mexican food;warranty company;highly recommend;come back;few times;so many;each month;
315	usa collision;highly recommend;customer service;best funeral;funeral services;came out;first time;best funeral services;so much;rainbow donuts;feel like;very friendly;them again;5 stars;from them;these guys;very good;recommend them;central car;could not;
316	your dreams;your guests;reception space;chicken prime rib pasta;hall food;sweeping mountain views;rib pasta salad salad veggies;average banquet hall food;tuxedo like clothing;outdoor garden center;baseboards falling off;veggies mashed;night time views which;wearing tuxedo like;christmas party location;care what your reception;wouldnt even;just your average;fruit platter;paint job staff wearing tuxedo;
317	money through;called value;turns out tradesource lost;pool service provider;hard time spending;end up earning;pool service;quality barter group;trade credit;detail before;card alliance turns out;good reason;group called value card;done business;other reviews;through trade;check out other reviews;very hard time spending;earn more money;quality barter group called value;
318	pool service;calling anyone else;next day;went out;calling anyone;anyone else;new unit anyways;service friendly knowledgeable hardworking staff;your guy;charge prices;right out;over 30 years;bestway pool;friendly knowledgeable hardworking staff;help then;only person who;very reasonable too;job new;felt like;job like;
320	country club;country clubs;dried cranberries;main course;cream sauce;golf course;bartenders very clean place very;filet mignon okay;atmosphere fantastic;writing about;fancy table cloths two sizes;most people must;better finally dessert which;his answer always leaves;dessert option;gold course;ice cream;particular air;place very beautiful decor;comes garnished so;
321	credit card;entire dumpster;one delivered;no authorization formally signed;trash additionally every ton;yard dumpsters concrete dirt rock;never heard back;one only;your credit card number;no overcharges;now five stars;took pictures;them up ed;giving your credit;noticed not;yard dumpsters concrete dirt;every ton over 4 tons;good everything else from;positive auerbach;pick ups then lie about;
322	customer service;about what;barber shop;sun bowl;professional cut;worst enemy;professional looking;your loved;hot lather;found sun;could give;highly recommend;reasonable prices;about 8;sun view;old school;honest about;anyone else;thats how;using them;
323	classic catering;highly recommend;customer service;root canal;world nails;nail salon;red cabbage;absolutely love;used classic;helping us;recommend classic;dr owens;social quarters;kings world nails;found out;super friendly;10 years;by far;love coming;well worth;
324	highly recommend;go back;great place;home depot;can eat;auto repair;great job;very nice;customer service;dr wainwright;prime rib;great prices;he said;brake masters;repair shop;good food;apple fritter;so he;great food;very good;
325	fish fry;good food;very good;really good;hash browns;peoria cafe;great service;pretty good;very nice;mexican food;customer service;first time;coming back;going back;very friendly;great food;don lenchos;came out;last time;next time;
326	chinese food;orange chicken;fried rice;big heng;egg drop;egg drop soup;drop soup;egg rolls;oil change;lo mein;crab puffs;pep boys;best chinese;take out;customer service;egg roll;best chinese food;go back;good chinese;great food;
327	customer service;fried rice;every time;coming back;peter piper;know what;from them;come back;go back;10 minutes;didnt want;very friendly;wait time;no one;dive bar;piper pizza;peter piper pizza;discount tire;never go;pool tables;
328	home depot;mexican food;customer service;came out;happy hour;very good;pretty good;first time;ended up;go back;really good;he said;very friendly;pollo especial;4 stars;third party;home depots;best pizza;so good;mexican restaurant;
329	customer service;going back;lone wolf;hairz 2 u;2 u;hairz 2;very friendly;brake masters;feel like;exactly what;hair cut;highly recommend;great job;all over;go back;next time;very happy;these guys;pool tables;youre looking;
330	mexican food;don rubens;great skate;go back;customer service;el paso;great service;cheese crisp;very good;good food;best mexican;first time;great time;great food;roller skating;so much;best mexican food;birthday party;check out;mexican restaurant;
331	mexican food;very good;customer service;captain bills;every time;go back;first time;bean dip;bumper stickers;good food;come back;carne asada;drive thru;mexican restaurant;going back;fast food;really good;breakfast burrito;high school;very friendly;
332	customer service;community tire;ice cream;olive garden;red lobster;very good;very friendly;first time;front desk;fried rice;salad bar;go back;so much;know what;very nice;make sure;oil change;these guys;every time;great service;
333	fried rice;chinese food;car wash;egg roll;lo mein;egg rolls;orange chicken;sour soup;mr wong;lunch special;roller derby;car washes;kung pao;mings pagoda;so good;coming back;egg drop;very good;really good;egg drop soup;
335	lobster bisque;different pointe;very good;restaurant week;come back;great place;creme brulee;special occasion;pork belly;short ribs;pork tenderloin;ended up;highly recommend;came out;go back;different point;5 stars;great view;filet mignon;great food;
336	customer service;highly recommend;every time;recommend them;very friendly;great work;5 stars;your car;these guys;motor werks;first time;scotts motor werks;oil change;scotts motor;he said;cave creek;no one;repair shop;go out;his shop;
337	high school;10 years;public school;patio door;apartment complex;rancho sierra;southwest patio;one method;box spring;junior high;laundry rooms;grade level;public high;patio door repair;not prepare;feel like;up getting;southwest patio door;pick up;3 years;
338	uncle sams;cheese steak;very good;customer service;happy hour;year old;cheese steaks;go back;great place;very friendly;really good;so much;first time;barber shop;these guys;going back;imagination avenue;ended up;every time;very nice;
339	whole foods;golf course;taco bell;customer service;dr holy;front desk;embassy suites;happy hour;salad bar;very nice;prepared foods;parking lot;great place;st george;legacy ballroom;every time;juice bar;pick up;ended up;middle east;
340	customer service;paradise juice;highly recommend;very nice;feel like;know what;every time;ended up;go back;very friendly;your dog;not only;pick up;last time;come back;nail salon;first time;orion mortgage;very good;front desk;
341	johnson automotive;could not;figure out;el mirage;sour cream;what other;4550 mph pep;some sort;mr johnson;shops could not find johnson;could not find johnson;other shops;shops could;going 4550;other shops could not find;other shops could;4550 mph;changed out;not find johnson automotive;problem what other;
342	mexican food;sun city;taco bell;very nice;years ago;customer service;every time;not even;very clean;like family;front desk;so good;hot salsa;next door;can get;nothing special;spring training;ice cream;highly recommend;mashed potatoes;
343	new york;sun city;new york west;york west;customer service;so much;baked goods;very good;stop by;choose from;rainbow cookies;not only;every time;rye bread;italian bakeries;lemon bars;very nice;east coast;devil dogs;know what;
344	fried rice;freedom plaza;eye exam;first time;go back;water chestnuts;didnt want;egg roll;know how;customer service;great deal;chang lees;chang lee;dr levison;going back;care center;sun city;chinese food;from them;lemon chicken;
345	pulled pork;onion rings;bbq sauce;burnt ends;great service;customer service;very good;pretty good;dr marsh;come back;sushi yuki;go back;happy hour;coming back;first time;beef ribs;really good;chicken fried;very friendly;good bbq;
346	car wash;customer service;dr bischoff;oil change;so much;he said;cactus dental;highly recommend;long time;next day;said no;your car;dental care;no one;best pizza;cactus dental care;last time;stay away;coming back;power steering;
347	dr sawyer;four seasons;customer service;stock shop;dog food;very friendly;first time;make sure;orange chicken;great place;very nice;dr morris;pizza place;so much;very helpful;really good;china rainbow;highly recommend;great service;same day;
348	customer service;banner thunderbird;fast food;go back;ended up;first time;very good;no one;waiting room;could not;make sure;dr apigo;village inn;every time;10 minutes;very nice;feel like;fried rice;does not;much better;
349	animal hospital;arrow animal;arrow animal hospital;customer service;happy hour;free breakfast;great place;next day;go back;free pizza;first time;very friendly;urgent care;every time;dr sherrell;care about;make sure;very good;know what;highly recommend;
350	baker wee;customer service;so much;highly recommend;king gyros;every time;first time;ive ever;very good;greek food;come back;wedding cake;very friendly;chicken pita;ended up;brilliant bridal;very nice;family owned;crab puffs;really good;
351	customer service;best buy;frys electronics;go back;chinese food;very good;clam chowder;new england;first time;years ago;no one;crab puffs;can get;know what;fast food;every time;fried clams;going back;onion rings;come back;
352	garlic bread;home depot;customer service;very good;first time;really good;italian food;very friendly;brass armadillo;make sure;go back;highly recommend;come back;so much;last time;going back;years ago;great service;very nice;great place;
353	mexican food;pool pump;these guys;orange chicken;customer service;very good;much better;make sure;years ago;leslie pool;parking lot;19th ave;great prices;not bad;spinach con;15 minutes;dr les;new motor;beef taco;perrys pool;
355	bamboo house;chinese food;very good;go back;customer service;great service;really good;first time;sour soup;orange chicken;strip mall;lunch specials;desert hills;pad thai;dr cellers;could not;squash ravioli;dr lowy;butternut squash;great place;
356	customer service;howard air;buddy stubbs;very friendly;mexican food;home depot;these guys;not only;ended up;every time;he said;credit card;cave creek;great job;very good;highly recommend;network alignment;next day;valley interiors;came out;
357	sitting next;pastor luke;more singing;large church;first time;he told;what he;phx 1st;most amazing;so much;he demanded;no one;years ago;phoenix first;community church;straight from;home church;definitely something;30 miles;big church;
358	dragon palace;chinese food;customer service;live music;fried rice;first time;highly recommend;chinese restaurant;mongolian beef;egg rolls;joes grotto;year old;house special;pretty good;every time;take out;great service;great place;feel like;really good;
359	customer service;go back;very good;roma garden;very friendly;highly recommend;come back;ice cream;really good;ended up;chinese food;first time;strip mall;every time;great service;next time;italian food;great place;know what;pretty good;
360	customer service;red lobster;davids bridal;olive garden;highly recommend;very good;happy hour;go back;make sure;come back;best buy;great service;pick up;so much;ended up;every time;massage envy;sushi bar;very friendly;first time;
361	carne asada;drive thru;sour cream;super nachos;carne asada burrito;asada burrito;not bad;cheese burrito;mexican food;good food;no speaker;customer service;drivethru menu;super nice;2 employees;great food;definitely not;next day;add some;rolled tacos;
362	sun city;sun city florists;city florists;his staff;city florist;sun city florist;amazing job;use them;last minute;use them again;most beautiful;flowers from;lady who;wrong flowers;many books;3 days;couldnt believe;by far;so happy;them again;
363	sun city;go back;little bite;strip mall;very good;salad bar;came out;really good;thin crust;99th ave;pretty good;nothing special;check out;home about;veal parmesan;not worth;chicken parmesan;could not;italian restaurant;several times;
364	sincerely art huseonica;make delicious;people ahead;wonderful lunch;helped us;all nice;beverage manager christine;lounge beverage manager christine;back sincerely;delicious selections;people behind;not waiting;back sincerely art;write yelp reviews;tell us;nice course;members well;yelp reviews;going back;manager christine ensured;
365	prime rib;texas roadhouse;first time;baked potato;very good;come back;go back;happy hour;last night;call ahead;customer service;great food;came out;blt salad;next time;very friendly;so good;mashed potatoes;good food;take out;
366	body shop;covered by;very pleased;ad auto;dental plan;rick colleen;engagement ring;few things;customer service;dentist came;weeks ago;comes home;specialty office;highly recommend;ended up;nw valley;auto body;never received;driver side;didnt even;
367	garage door;home warranty;30 minutes;customer service;smokeys garage;smokeys garage door;garage doors;came out;american home;home shield;used them;american home shield;other companies;warranty company;recommend them;come out;highly recommend;within 30;service call;very professional;
368	new york;pool tables;pretty good;pizza place;dive bar;chinese food;take out;really good;first time;fried rice;not too;style pizza;not like;customer service;york style;new york style;friendly staff;little more;good pizza;second time;
369	insurance company;eye glass;come back;same day;back tomorrow;picked out;12 hour;ten days;authorization code;retail side;guess what;he actually;exam side;come back tomorrow;from them;weekends etc so;follow up;lens brand from cooper;tomorrow now keep;most eye glass providers;
370	pure heart;young couples;pastor dan;adults service;gods love;christian fellowship;great place;community outreach;like home;heart christian fellowship;pure heart christian fellowship;new believers;young adults;pure heart christian;young adults service;heart christian;representing both;growth gods love;place practises what;own spiritual;
371	dr gong;top shelf;customer service;go back;mexican food;villa deli;highly recommend;very good;boars head;very friendly;really good;make sure;give them;come back;first time;didnt know;ended up;drive thru;ive ever;so much;
372	lower back;back pain;lower back pain;toro construction;block wall;sign up;tissue massage;back issues;deep tissue;cant say;front desk;cant say enough;great job;deep tissue massage;dr diana;carrington college;entire staff;block fence;dr zannis;touch wellness;
373	office staff;granite bay;highly recommend;these apartments;come back;shoe repair;not safe;best place;front office;any problems;dog shit;every time;so nice;always helpful;them up;go ahead;longer then;no one;look like;timely manner;
374	program stay away from;youth program stay away;so well organized;modern church nothing;far so good;modern church;childrens re;son loved;unwelcoming parishioners horrible;modern church nothing catholic about;father bob binta;very ugly modern church nothing;management by same;fr victor;office management by same;bible camp;existent youth program;catholic about;program stay;music very unwelcoming parishioners horrible;
375	yoga pura;dr simpson;highly recommend;dryer vent;moon valley;chimney sweep;front desk;yoga studio;arizona chimney;lookout mountain;dr shure;very nice;first time;dr schure;not sure;next day;feel like;very good;arizona chimney sweep;he didnt;
376	them back;afternoon appointments;company clean;very well;window cleaner;said he;most recent time;dirty bugs;hour later;leaving marks;again never recommend them;missed spots probably;get things clean screens;bugs still;another window cleaner;inside total;appointments before;first day until;not able;runningthis most recent time;
377	highly recommend;customer service;sun state;recommend them;ended up;rainbow donuts;sesame chicken;these guys;middle eastern;best donuts;family owned;very friendly;go back;so much;abc glass;make sure;not only;sit well;anywhere else;state refrigeration;
378	mexican food;customer service;hip hop;carne asada;dance floor;go back;really good;so much;ladies night;these guys;first time;cash only;food city;ended up;make sure;years ago;highly recommend;school district;can get;come back;
379	all creatures;dr bob;dr ingram;dr roberts;grand canyon;very friendly;highly recommend;first time;nail salon;customer service;fancy nails;go back;front desk;all creatures animal;creatures animal;40th street;good food;fried steak;great service;animal hospital;
38	melting pot;cheese fondue;chocolate fondue;first time;great service;very good;living social;best pizza;happy hour;so much;highly recommend;great experience;4 course;very nice;great food;course meal;go back;come back;dining experience;so good;
380	smoothie king;customer service;great job;paradise nails;every time;first time;nail salon;dollar tree;montys music;year old;each time;guitar center;highly recommend;local business;very pleased;peanut butter;ive never;jamba juice;so nice;great service;
381	customer service;butcher bobs;butcher shop;so good;very good;great service;new york;daddys bakery;windows tinted;great selection;cant wait;highly recommend;go back;really good;ended up;not only;window tinting;quality meats;so many;so much;
382	bad bad;check out;bad bad bad store rude;nice day;customer service told;water up;bad attitude check out;bad store rude;too long;bad attitude check;bad bad store rude rude;store rude;attitude check out;out woman then;check out woman then;rude rude store;three times;happened three;rude store;bad store rude rude;
383	sun city;customer service;he said;law firm;sun city exxon;city exxon;car from;ray sanchez;your car;moore law;moore law firm;find out;big o;not going;any other;golden star;repair shop;egg foo young;very nice;next day;
384	customer service;oil change;chicago style;italian beef;fast food;service department;told them;few times;style pizza;very friendly;chicago style pizza;next day;make sure;autonation chevrolet;beef sandwich;highly recommend;pick up;thin crust;very nice;phone call;
385	customer service;very good;happy hour;best buy;cheesecake factory;go back;mexican food;come back;came out;very nice;red robin;really good;first time;he said;pretty good;great food;great service;next time;last night;good service;
386	customer service;go back;very good;first time;happy hour;really good;pretty good;trader joes;every time;no one;very nice;mexican food;great service;very friendly;ice cream;come back;coming back;greek wraps;greek food;came out;
387	happy hour;fresh wasabi;customer service;mexican food;carne asada;salsa bar;home depot;very good;go back;every time;spicy tuna;first time;pick up;best sushi;pretty good;very friendly;drive thru;going back;asada burrito;very nice;
388	happy hour;pulled pork;very good;customer service;tokyo lobby;go back;pretty good;first time;came out;really good;come back;bbq sauce;very friendly;next time;every time;old chicago;thee pitts;great food;great place;great service;
389	oil change;car wash;customer service;audio express;go back;he said;these guys;2 hours;come back;good job;first time;pick up;very good;how much;not recommend;came out;call back;remote start;next day;said he;
39	customer service;sweet tomatoes;happy hour;salad bar;first time;very good;every time;go back;r us;dr d;not only;feel like;babies r;babies r us;no one;come back;great service;last time;very nice;can get;
390	taco bell;south american;mi comida;very good;carne asada;really good;go back;fried rice;sports bar;padre murphys;customer service;strip mall;very friendly;mi cocina;good food;great place;fish fry;come back;chinese food;every time;
391	customer service;pong pong;dunn edwards;chinese food;sesame chicken;fried rice;dr trichak;very friendly;take out;people who;ive never;crab puffs;pet store;end consumer;25 years;dr clinch;go back;management team;didnt want;feel like;
392	sports bar;great place;waffle house;customer service;bell ford;really good;santisi brothers;burger mania;pretty good;very good;go back;happy hour;first time;very friendly;great food;fast food;great service;good food;make sure;mexican food;
393	mexican food;customer service;very good;first time;turf paradise;bill johnsons;carne asada;discount tire;pretty good;go back;come back;great service;really good;highly recommend;pick up;so good;he said;happy hour;next time;ive ever;
394	la fitness;new york;chinese food;flamingo palace;fried rice;customer service;really good;very good;pick up;go back;pretty good;first time;best pizza;style pizza;great pizza;egg rolls;take out;no one;ny style;york style;
395	customer service;hair cut;go back;great job;highly recommend;every time;oil change;very nice;sincerely yours;so much;great service;come back;next time;he said;not only;ended up;very friendly;next day;first time;turned out;
396	pad thai;thai food;best pizza;thin crust;very good;spaghetti calzone;highly recommend;go back;really good;thai hot;yellow curry;krua thai;tom yum;first time;very friendly;customer service;take out;fried rice;pizza place;so good;
397	customer service;first time;fast food;great place;very friendly;wagon yard;these guys;make sure;go back;very good;not even;pretty good;bowling alley;happy hour;years ago;great service;very nice;pep boys;casey jones;come back;
398	customer service;car wash;sun cellular;boojum tree;so much;24 hour;every time;highly recommend;come back;your car;no one;he said;make sure;go back;these guys;hour fitness;first time;could not;very friendly;get your;
399	customer service;discount tire;kelly clark;30 minutes;new tires;highly recommend;he said;these guys;not only;oil change;first time;know what;any other;no one;great service;came back;give them;very friendly;feel like;away from;
40	happy hour;customer service;very good;go back;first time;come back;pretty good;great service;oil change;best buy;so much;really good;no one;make sure;next time;feel like;ended up;he said;very nice;every time;
400	home depot;sun devil;very good;very friendly;highly recommend;chinese food;fast food;mediterranean food;customer service;great food;go back;pita bread;greek fries;great service;coming back;orange chicken;fish tacos;take out;gyro salad;very nice;
401	tee time;tee times;golf course;golf cart;too many groups;living near;many groups;driving range;course itself;back again;challenging holes;good deals;five minutes;rock wall;too many;your score;good shape;just spent;group all;charity tournament;
402	barber shop;hair cut;job well;time barber shop;old time barber;time barber;well done;job well done;old time;customer service;old time barber shop;nearly inaccessible shoddy work;sprinkler lines water;ive just;engage them;shutoff valve by;raised prices not;water drainage lines flagstone;job well done jeremy;from paid;
403	acrylic nails;two weeks;even bother;oxygen delivery;four days;things like fighting;between 35 pm;reviewer called;oxygen between;take place;office told us;surely other arrangements;expected surely other;doctor never use them again;nails fixed;drop calls finally;too chunky;flared nails went later;hung up;not something;
404	very good;new york;so much;drive thru;orange chicken;so disappointed;go back;first time;pizza place;ive never;both times;good food;customer service;really good;taco bell;chinese food;highly recommend;egg rolls;not only;didnt even;
405	customer service;go back;oil change;drive through;he said;through remember;fast drive through remember;never go;day notice;fast drive;could not;drive through remember;fast drive through;no one;years ago;know what;front desk;not make;costumer service;come back;
406	dr allard;root canal;office staff;doctors office;dr gettleman;dr steinbrunner;years ago;which tooth;oral surgeon;mayo clinic;work done;2 months;front office;blood work;very good;last visit;his staff;office manager;dr bannister;see dr;
407	pei wei;come back;first time;so much;pick up;every time;customer service;pretty good;lettuce wraps;sushi bar;take out;brown rice;can get;right away;know what;insurance company;grocery store;so many;gluten free;didnt even;
408	cream cheese;hot bagels;customer service;every time;very friendly;highly recommend;bagel shop;ive ever;boars head;bagel sandwich;apollo north;first time;know what;everything bagel;best bagels;make sure;best bagel;dr bennett;taylor ham;come back;
409	dr berrigan;every time;great job;very nice;barber shop;customer service;being able;come back;other places;high school;he said;so far;ive never;great customer service;no idea;best pizza;cant say;highly recommend;very good;pick up;
410	ultra cleaners;dry cleaners;ice cream;office staff;no one;front office;ended up;2 months;clean up;so much;days later;not disappoint;3 times;your lease;signed your;by phone;go through;wedding dress;give them;auto renew;
411	claim jumper;customer service;happy hour;very good;pretty good;came out;oil change;come back;first time;he said;really good;very friendly;good service;good food;go back;so much;going back;great job;very nice;orange chicken;
412	customer service;go back;come back;very nice;ended up;macaroni grill;came out;great place;can get;away from;no one;john c;front desk;john c lincoln;c lincoln;very good;every time;not sure;parking lot;people who;
413	customer service;dr sink;every time;not sure;del taco;make sure;fried rice;mr goodcents;gluten free;5 stars;pretty good;go back;come back;baby banditos;first time;know what;highly recommend;oriental express;garlic knots;drive thru;
414	customer service;first time;nail salon;full set;deep dish;very good;make sure;go anywhere else;bebe nails;anywhere else;go anywhere;cindy took;very nice;came out;big macs;great service;very clean;2 big macs;2 big;last night;
415	mexican food;fried rice;very good;first time;customer service;chinese food;go back;orange chicken;pick up;crab puffs;highly recommend;come back;good food;great job;pizza hut;take out;salsa bar;dragon bowl;great service;great food;
417	doggie doos;strip club;dive bar;lap dances;papa johns;candy store;no one;great job;very friendly;customer service;strip clubs;pick up;last time;friendly staff;pretty detailed;really like;hang out;another location;thats pretty detailed;pool tables;
418	highly recommend;customer service;grand canyon;go back;ive ever;phil waring;drive through;gwen waring;know us;worst pharmacy;pick up;circle k;great job;wedding he;having gwen;come back;through again;any problems;wedding ceremony;pastor jason;
419	your child;front desk;since birth;insurance company;office staff;kid really;always friendly;credit card;no response;waiting room;2 kids;practical advice;always very clean;so basically;really look;three day old;really consider;woman handles;come another;can get behind from;
420	moon valley;customer service;valley nursery;just brakes;moon valley nursery;his crew;he said;highly recommend;ended up;great experience;very helpful;go back;his team;very knowledgeable;back yard;moon valleys;months ago;moon valley nurseries;valley nurseries;came out;
423	by date;sell by date;wells fargo;very clean;extra miles;sell by;home town store;again more issues;over brown;bbq sauce inedible;never encountered such rude;another unfortunate;wake up;currently from china;no deli closes up before;grocery store;mother used;work simultaneously together second;always quick;good from;
424	covered window;new home;helped us;gave us;customer service;highly recommend;faux wood;wood blinds;window coverings;while he;james johnson;out some;he gave us;recommend tcw;recommend james;he gave;us make;came out;few weeks;jc penney;
425	top shelf;customer service;mexican food;brakes plus;go back;oil change;first time;very good;every time;so much;come back;parking lot;pure elements;great service;best pizza;hair cut;highly recommend;not only;pretty good;last time;
426	arrowhead dermatology;dr oehler;waiting room;7 years;dr lombard;generation jewelers;dr stevens;not recommend;3 months;office staff;wait time;could not;another doctor;know what;arrowhead derm;highly recommend;skin rash;one visit;years now;another ointment;
427	taco bell;first time;very good;go back;come back;customer service;every time;going back;highly recommend;pretty good;great service;fast food;really good;italian food;very friendly;samurai sams;last night;good food;happy hour;so good;
428	happy hour;orange chicken;very good;chinese food;lunch specials;sour soup;sushi bar;spicy tuna;best sushi;orange chicken orange;really good;first time;chicken orange;very friendly;orange chicken orange chicken;chicken orange chicken;go back;chicken orange chicken orange;orange chicken orange chicken orange;sushi place;
429	urgent care;wait time;your child;front desk;waiting room;front desk lady;month old;very nice;desk lady;1 hour;actual dr;phx childrens;always very;medical staff;your insurance;go back;childrens hospital;weekend urgent care;extremely rude;weekend urgent;
431	creek village;your bed;rent from;deer creek village;should seriously reconsider;roach creek village;these apartments;ask them;should seriously;deer creek;more roaches;seriously reconsider;roach creek;such theyre;cover your;bad service from;light all;from roach creek village;leading managerannette;work inefficiently ive;
432	waffle house;cracker barrel;customer service;fast food;come back;first time;hash browns;came out;no one;drive thru;very good;every time;not sure;credit card;very nice;know what;roast beef;hash brown;design tree;does not;
433	customer service;taco bell;body works;phoenix body;phoenix body works;these guys;fast food;fish fry;years ago;give them;set up;could not;little jo;very good;call them;dead animals;4 years;not only;pretty good;internet service;
434	full belly;highly recommend;full belly deli;belly deli;signed up;food delivery;every meal;customer service;really good;never got;5 day;french dip;thought id;another job;food delivery service;first class moving;eating out;class moving;first class;phone calls;
435	manager he;customer service;can tell;came out;business owner;quoted 40;expected given;over 20;person advised;robbie barkman still;done business;represented by personal who care;little steep;thr barrel up;public servent;gun any;long turn;door since;person advised he;last much;
436	he said;came out;integrity air;went out;called integrity;found out;fan assembly;herrick stables;he didnt;used them;fan motor;ac unit;he came;any other;other ac;found them;h arrived;mike h arrived;these guys;all day;
437	deer creek;oil change;customer service;big o;animal hospital;deer creek animal hospital;creek animal hospital;deer creek animal;day care;creek animal;right away;nail salon;very nice;dr higgins;by far;fancy nails;desert gardens;year old;nails done;great service;
438	brandenburg pool;could not;tip jar;he said;look no;no further;brandenburg staff;25 years;customer service;more pleased;jar out;days later;no problem;came out;he tells;follow up;brandenburg could;tip jar out;other bids;recommend them;
439	second visit;dr keightley;allergy shots;seeing dr;he said;he doesnt;medical reason;one set;told no sure;he told;one visit;could see;extremely pissed;anywhere else;next day;primary care;allergist until;doesnt test;maybe next time;take 2 hours understandable;
440	desert ridge;happy hour;very good;customer service;go back;prime rib;first time;so much;came out;great service;last night;come back;baked potato;very nice;ended up;know what;not sure;great place;paradise bakery;pretty good;
444	pretty cool;improvised kitchen counter;ever driving;extra crisp;dry bun soda machines;way too small;really improvised kitchen;cookcashierclean up;take space;cool now;can get;jim h;like jim said;guy oops no one;like mcdonalds;love triple d;ammo beer;guy oops;beer real estate;improvised kitchen;
449	pro shop;customer service;golf course;500 club;730 pm;by 730 pm;course today;cant even;play together;bag drop;6 pm;west side;by 730;club house;worry about;not even;nw valley;much better;great experience;shop decided;
450	great place;victory lane;batting cages;pretty good;ive ever;great food;cheese pizza;every time;pizza place;volleyball courts;entrance fee;sand volleyball;pizza joint;no one;really like;from jojos;sand volleyball courts;very good;friendly staff;city leagues;
451	dominos pizza;customer service;sliced italian sausage;location which;cant even;pan pizza;money back;italian sausage;not salami;even tell;ordered from;sliced italian;one star;great customer;great customer service;order from;brooklyn style;inconsistent pan pizza;cant even get;husband went;
452	credit union;customer service;rv park;these guys;state credit union;state credit;ever dealt;no one;arizona state;arizona state credit union;too many;insurance company;could not;car loan;arizona state credit;great price;online system;rental car;5 stars;4 years;
453	north valley;valley mechanical;north valley mechanical;home warranty;city wide;rc auto;highly recommend;warranty company;came out;home warranty company;customer service;could not;these guys;recommend them;showed up;give them;days later;deer valley;ac unit;car from;
454	dv towing;tow yard;your vehicle;tow truck;truck driver;things out;can not;scum bags;sons vehicle;blah blah;your car;these people;car out;tow truck driver;not even;out what;almost 90000;sent 25 miles away;good luck getting your car;he told;
456	boulder falls;love love;first time;day spa;so excited;he just;your pet;clean clean;before he;five stars;he gets;other dogs;two dogs;ever left;looked great;other places;thanksgiving morning;day which;during his stay;during his;
457	three weeks;rr everclear;came out;recommend them;national memorial;new pump;these guys;weeks later;didnt want;national memorial cemetery;memorial cemetery;he told;r r;pool company;caused by;nice guy;rr not;he called;crappy pool;warranty company;
458	rock bottom;happy hour;desert ridge;customer service;cream cheese;very good;pretty good;go back;same day;came back;can get;dry cleaning;dining room;all over;great service;great place;chicken sandwich;cinnamon sugar;looked like;your food;
459	smiling child;2 kids;very well organized;very well;plsdon risk your kids;should give;absolute gems;consider staff;where u;partial staff;being happy;from these;may seem very friendly;much money from these kids;centers near;nearly 4 years;place does not;unnecessary comments like who;seem very;not consider staff;
463	ive always;excellent customer;call them;excellent customer service;customer service;another week;back out;usual excellent standards;wasnt particularly concerned;kill rate;dead within another;time performed;several years;within another;particularly concerned;called them;not dying out;dead within;arent dead within another week;ive always known;
467	first time;orange chicken;very good;customer service;go back;italian food;oil change;feel like;brothers pizza;garlic bread;20 minutes;pastor don;crab puffs;take out;really good;pretty good;west wing;come back;too much;these guys;
468	small campus;espically since;up north;school espically;up north where;north where;school espically since;
470	lockout services;highly recommend;west valley;10 minutes;took care;these guys;best service;5 minutes;came out;locked out;service ever;didnt need;minutes later;he said;hour he;he told;every step;what he;use them again;he called;
473	hays cooling;came out;ac unit;customer service;highly recommend;cooling heating;hays cooling heating;from hays;make sure;come out;great job;called hays;recommend hays;very professional;next day;new unit;year old;showed up;highly recommend hays;he said;
500	dr roderick;his team;his staff;ive never;dr hakes;very professional;teeth cleaned;make sure;aesthetic family dentistry;family dentistry;truly care;best dentist;dr levins;dr angela;very caring;tatum highlands;3 years;dental health;aesthetic family;recommend dr;
511	school district;only school district;only school;reviewer manny;daughter cant go;home saying things like;school enough said not sure;fathers vocabulary;more them any other student;saying things like thats coo;any other;nephew comes home saying;ugly term;test 4 yr olds;other student;said not sure;goes by birthday cut;goes by;up how can;cut off date;
519	customer service;car wash;happy harrys;dynamite creek;cave creek;oil change;no one;so much;wilhelm automotive;highly recommend;very friendly;not sure;dr tom;other guy;so he;your car;super friendly;go back;great service;vet tech;
520	go back;happy hour;live music;salad bar;pearl nails;hang out;very good;cocomo joes;nail salon;cave creek;pretty good;so much;great service;great place;get out;really good;not only;more like;every time;first time;
539	cave creek;fish tacos;great service;sports bar;other dogs;dr nelson;great food;very good;highly recommend;chicken sandwich;not only;he could;spicy chicken;very friendly;so good;behavior camp;mac n cheese;neighborhood restaurant;philly cheese;spicy chicken sandwich;
559	dove valley;no grass;got paired;many times;paired up;behind us;front nine;play golf;got paired up;pick up;back again;golf course;very fast;back nine;tee time;follow us;laid out diff from what;recently took;experience 9 months ago;5 12;
560	found desert foothills;great job;desert foothills;business cards;found desert;wont find;desert foothills gardens;gb john;business nick wwwaarrowsignspinnerscom;always willing;some smiles;very easy;excellent idea stimulator;small project;entire nursery;saturday morning hoping;what theyre;entire landscapes;could easily;does entire landscapes;
565	cash only;cold beer;best burger;bring cash;best burgers;great burgers;no frills;lake pleasant;only no;ice cold;picnic tables;swiss burger;amazing burgers;nothing fancy;bait shop;serve fries;young families;fancy just;phoenix area;chain restaurant;
566	20 years;aerobatic flight;highly recommend;turf soaring;scenic ride;tow plane;up behind;vertically until;cars motorcycles skydiving;gift certificate online;about 10 seconds;still lived;until about 10 seconds before;activities ive;recommend turf soaring;then peeling off left;towed up;tow plane took us;times through;gift card;
571	gas station;per gallon;gas prices;grocery store;cents more;never go;always clean;up no;starbucks inside;50 cents;some other;his produce;anywhere else;excellent selection;more per;know what;fried onions;grocery stores;took care;drive thru;
575	customer service;cat food;your time;hot wings;circle k;phone calls;rays pizza;sticker price;show up;pretty good;ice cream;bbq chicken;use them again;always clean;sonoran preserve;bbq chicken pizza;just not;never returned;fresh catchup;no fillers;
58	mountain park;park plumbing;mountain park plumbing;kitchen sink;highly recommend;call them;toilet flange;them again;use them again;these guys;use them;next day;water heater;plumbing issue;plumbing needs;showed up;definitely use them again;very professional;warranty company;definitely use;
580	dr k;dove valley;customer service;dr mike;he said;dr newquist;fast food;hip surgery;friendly staff;oil change;other vets;store owner;see dr;year old;dr koza;fragile wrap;say enough;dr mike kiedrowski;definitely recommend;highly recommend;
59	customer service;cream cheese;go back;very good;really good;dr nemanic;first time;great food;happy hour;garlic bread;great service;highly recommend;thin crust;big o;come back;very friendly;pretty good;oil change;mexican food;not sure;
590	never received;can eat;pioneer village;serving breakfast lunch;u can eat;wednesdaysaturday 6 am9;breakfast burrito;attention wednesdaysaturday;wanders around;attention wednesdaysaturday 6 am9;good service;best friday all;including macinac;while visiting pioneer;all u can eat;6 am2;too he;including macinac islands give;wanders around too;can eat cod;
598	cave creek;highly recommend;trail ride;cave creek trail;trail rides;creek trail;cave creek trail rides;creek trail rides;sunset ride;great time;so well;gave us;recommend cave creek trail rides;recommend cave creek trail;recommend cave;first time;recommend cave creek;15 hour;went out;all sizes;
60	happy hour;customer service;live music;oil change;wine cellar;very friendly;highly recommend;go back;first time;autonation hyundai;service department;wine bar;lifetime fitness;so much;work out;very nice;new car;locker rooms;buying experience;car buying;
611	mexican food;gas station;carne asada;al pastor;great food;very good;el pastor;good food;food network;best mexican;set up;great mexican;very nice;chicken chimichanga;shell gas station;pico de;really good;pico de gallo;mexican pizza;guy fieri;
624	security guard;mrs brink;20 yards;front gate;them up;then went;yards away;girls drive;yards from;trailer while;during check;two nights;brand new;20 yards away;power wheels;parking passes;come back;camping area;he said;passed by;
630	taylor tours;dr fishco;highly recommend;prevost marathon;bla bla;he knows;follow up;these folk;kitty talk;no one does work;customer service service department;us canada tour;saying thank;driver ray cardenes total pro;internationally known;fishco took time explaining;he quickly diagnosed;marathon over;also extremely friendly;his receptionist;
631	take out;shanghai club;chinese food;customer service;go back;pretty good;fried rice;sour soup;crab puffs;highly recommend;feel like;10 years;very good;many times;lo mein;lunch specials;gel nails;really good;not sure;new owners;
637	hot tub;full circle;circle ranch;away from;b b;full circle ranch;things around setting;sounded like;looked very;entire wedding;actually hoping;signal throughout;amazingly softbest part;also close enough;hired sherri s;major business;planning process;parks stores;quiet area;bb first glance stunningbut;
650	outlet mall;food court;banana republic;highly recommend;four printing;three four printing;three four;sliding shelves;customer service;really good;pest control;very friendly;good deals;great deals;every time;north valley;anthem outlets;ended up;ralph lauren;not bad;
651	pizza hut;drive through;customer service;ive ever;one person;starbucks ive;so slow;slowest starbucks;absolutely horrible;iced coffee;get through;drive thru;one more time;15 minutes;slowest starbucks ive;ordered pizza;people working;just get;daisy mountain;looked like;
674	shangri la;hiking trails;not ready;la ranch;mira vista;shangri la ranch;funny thing happened;sure he;also visit;aaa road service guy;summer visit;thing happened while;generally prefer;many permanent site;visited shangri la ranch;thing happened;users so;vista resort;day visit while;spa restaurant overall very;
691	bull riding;good food;hang out;roadrunner burger;saturday nights;saturday night;road runner;new owners;mechanical bull;good time;dive bar;really nice;new river;live music;live bull;every time;going back;blue moon;all over;great atmosphere;
73	humane society;arizona humane;arizona humane society;make sure;years ago;az humane society;az humane;so many;gave us;dog from;very nice;so much;fill out;give them;pick up;great place;very clean;animal shelter;each animal;adopt another;
74	south mountain;dobbins lookout;parking lot;drive up;mountain park;great place;national trail;mormon trail;south mountain park;ponderosa stables;horseback riding;holbert trail;great views;away from;can see;mormon loop;trail head;first time;great time;view from;
75	mary lou;mystery castle;south mountain;unique place;his daughter;must see;cash only;mystery house;tour guides;his wife;cool place;still lives;10 cash;golf course;great course;he could;driving range;interesting place;very interesting;wasnt even;
79	carne asada;mexican food;los taquitos;street tacos;very good;go back;authentic mexican;great food;really good;taco tuesday;pretty good;authentic mexican food;hot sauce;coming back;so good;fast food;customer service;asada burrito;bombero burrito;good food;
80	customer service;happy hour;front desk;very good;come back;he said;go back;sushi bar;highly recommend;parking lot;oil change;sushi place;can get;spicy tuna;pretty good;came out;very friendly;so much;very nice;first time;
88	dive bar;pool tables;golf course;cheap drinks;spurr lounge;5 stars;bar food;still trying;cash only;didnt even;bad bad;first time;your golf;your looking;still trying still trying;tee boxes;awesome place;customer service;place 5;even know;
91	par 3;par 3 course;3 course;municipal course;great course;south mountain;great way;course almost;golf digest;muni course;spectacular views;municipal courses;short game;aguila 18 took more;over 20;come from;aguila golf course 4 out;kept harassing us;off like 20 yards;round until;
94	el mesquite;mexican food;carne asada;good food;south side;very good;first time;strip mall;mexican restaurant;long wongs;customer service;didnt even;very friendly;pretty good;hot wings;really good;cat food;dining room;green chile;green chili;
95	customer service;discount tire;beauty supply;supply store;come back;no one;jesse owens;first time;bad experience;beauty supply store;could use;these guys;burger king;nurse who;know what;traditional church;great experience;hair supply;get what;about how;
97	fruit barn;baseline dental;dr payne;locally grown;summers fruit;summers fruit barn;dr chris;fresh fruit;south mountain;customer service;highly recommend;secret garden;your employees;tooth pulled;bring cash;delicious fresh;fresh baked;turned out;dental care;fresh baked breads;
98	holding deposit;so much;rent from;dog park;your apartment;deposit back;front office;even apply;say well;no point;he stated;too long;deposit then;not even;not rent;application process;from them;back next;your boyfriend;what youre looking;
99	buying experience;car buying experience;car buying;bend over backwards;best car buying experience;carrera 4 cabriolet from;4 cabriolet from paul;major traffic leaving phoenix paul;great price;even stayed;genuinely care;vehicles not only;good used car;so smooth;following week;fantastic customer;from paul callie;great car;good deal thanks;phoenix paul;
